campus,program_id,program_name,place_type,filename,url
Москва,36634049850,Анализ данных в биологии и медицине,Budget,36634049850_Budget.xlsx,https://priem47.hse.ru/ABITREPORTS/MAGREPORTS/FullTime/36634049850_Budget.xlsx
Москва,36634049850,Анализ данных в биологии и медицине,Commercial,36634049850_Commercial.xlsx,https://priem47.hse.ru/ABITREPORTS/MAGREPORTS/FullTime/36634049850_Commercial.xlsx
Москва,36635146793,Аналитик деловой разведки,Budget,36635146793_Budget.xlsx,https://priem47.hse.ru/ABITREPORTS/MAGREPORTS/FullTime/36635146793_Budget.xlsx
Москва,36635146793,Аналитик деловой разведки,Commercial,36635146793_Commercial.xlsx,https://priem47.hse.ru/ABITREPORTS/MAGREPORTS/FullTime/36635146793_Commercial.xlsx
Москва,36634149870,Аналитика больших данных,Commercial,36634149870_Commercial.xlsx,https://priem47.hse.ru/ABITREPORTS/MAGREPORTS/FullTime/36634149870_Commercial.xlsx
Москва,36634106321,Аналитика данных и прикладная статистика,Commercial,36634106321_Commercial.xlsx,https://priem47.hse.ru/ABITREPORTS/MAGREPORTS/FullTime/36634106321_Commercial.xlsx
Москва,36634440292,Аппаратно-программные комплексы искусственного интеллекта,Budget,36634440292_Budget.xlsx,https://priem47.hse.ru/ABITREPORTS/MAGREPORTS/FullTime/36634440292_Budget.xlsx
Москва,36634440292,Аппаратно-программные комплексы искусственного интеллекта,Commercial,36634440292_Commercial.xlsx,https://priem47.hse.ru/ABITREPORTS/MAGREPORTS/FullTime/36634440292_Commercial.xlsx
Москва,36923667513,Археологические исследования,Budget,36923667513_Budget.xlsx,https://priem47.hse.ru/ABITREPORTS/MAGREPORTS/FullTime/36923667513_Budget.xlsx
Москва,36923667513,Археологические исследования,Commercial,36923667513_Commercial.xlsx,https://priem47.hse.ru/ABITREPORTS/MAGREPORTS/FullTime/36923667513_Commercial.xlsx
Москва,37044276777,Бизнес-аналитика и цифровые решения в финансах,Commercial,37044276777_Commercial.xlsx,https://priem47.hse.ru/ABITREPORTS/MAGREPORTS/FullTime/37044276777_Commercial.xlsx
Москва,36634835017,Бизнес-информатика: цифровое предприятие и управление информационными системами,Budget,36634835017_Budget.xlsx,https://priem47.hse.ru/ABITREPORTS/MAGREPORTS/FullTime/36634835017_Budget.xlsx
Москва,36634835017,Бизнес-информатика: цифровое предприятие и управление информационными системами,Commercial,36634835017_Commercial.xlsx,https://priem47.hse.ru/ABITREPORTS/MAGREPORTS/FullTime/36634835017_Commercial.xlsx
Москва,36634106914,Биоинформатика в агробиотехнологиях,Budget,36634106914_Budget.xlsx,https://priem47.hse.ru/ABITREPORTS/MAGREPORTS/FullTime/36634106914_Budget.xlsx
Москва,36634106914,Биоинформатика в агробиотехнологиях,Commercial,36634106914_Commercial.xlsx,https://priem47.hse.ru/ABITREPORTS/MAGREPORTS/FullTime/36634106914_Commercial.xlsx
Москва,37038835786,Бэкенд-разработка и архитектура программных систем,Commercial,37038835786_Commercial.xlsx,https://priem47.hse.ru/ABITREPORTS/MAGREPORTS/FullTime/37038835786_Commercial.xlsx
Москва,36634805591,Государственно-конфессиональные отношения. Правовое регулирование деятельности религиозных объединений,Budget,36634805591_Budget.xlsx,https://priem47.hse.ru/ABITREPORTS/MAGREPORTS/FullTime/36634805591_Budget.xlsx
Москва,36634708593,Государственное и муниципальное управление,Budget,36634708593_Budget.xlsx,https://priem47.hse.ru/ABITREPORTS/MAGREPORTS/FullTime/36634708593_Budget.xlsx
Москва,36634708593,Государственное и муниципальное управление,Commercial,36634708593_Commercial.xlsx,https://priem47.hse.ru/ABITREPORTS/MAGREPORTS/FullTime/36634708593_Commercial.xlsx
Москва,36634704114,Демография,Budget,36634704114_Budget.xlsx,https://priem47.hse.ru/ABITREPORTS/MAGREPORTS/FullTime/36634704114_Budget.xlsx
Москва,36634704114,Демография,Commercial,36634704114_Commercial.xlsx,https://priem47.hse.ru/ABITREPORTS/MAGREPORTS/FullTime/36634704114_Commercial.xlsx
Москва,36634648610,Дизайн,Budget,36634648610_Budget.xlsx,https://priem47.hse.ru/ABITREPORTS/MAGREPORTS/FullTime/36634648610_Budget.xlsx
Москва,36634648610,Дизайн,Commercial,36634648610_Commercial.xlsx,https://priem47.hse.ru/ABITREPORTS/MAGREPORTS/FullTime/36634648610_Commercial.xlsx
Москва,36634649665,Дизайн среды,Commercial,36634649665_Commercial.xlsx,https://priem47.hse.ru/ABITREPORTS/MAGREPORTS/FullTime/36634649665_Commercial.xlsx
Москва,37003567710,Доказательное развитие образования,Budget,37003567710_Budget.xlsx,https://priem47.hse.ru/ABITREPORTS/MAGREPORTS/FullTime/37003567710_Budget.xlsx
Москва,37003567710,Доказательное развитие образования,Commercial,37003567710_Commercial.xlsx,https://priem47.hse.ru/ABITREPORTS/MAGREPORTS/FullTime/37003567710_Commercial.xlsx
Москва,36634831090,Инвестиции на финансовых рынках,Commercial,36634831090_Commercial.xlsx,https://priem47.hse.ru/ABITREPORTS/MAGREPORTS/FullTime/36634831090_Commercial.xlsx
Москва,36634126891,Инженерия данных,Commercial,36634126891_Commercial.xlsx,https://priem47.hse.ru/ABITREPORTS/MAGREPORTS/FullTime/36634126891_Commercial.xlsx
Москва,36704696181,Иностранные языки и межкультурная коммуникация,Budget,36704696181_Budget.xlsx,https://priem47.hse.ru/ABITREPORTS/MAGREPORTS/FullTime/36704696181_Budget.xlsx
Москва,36704696181,Иностранные языки и межкультурная коммуникация,Commercial,36704696181_Commercial.xlsx,https://priem47.hse.ru/ABITREPORTS/MAGREPORTS/FullTime/36704696181_Commercial.xlsx
Москва,36634894147,Интегрированные коммуникации,Budget,36634894147_Budget.xlsx,https://priem47.hse.ru/ABITREPORTS/MAGREPORTS/FullTime/36634894147_Budget.xlsx
Москва,36634894147,Интегрированные коммуникации,Commercial,36634894147_Commercial.xlsx,https://priem47.hse.ru/ABITREPORTS/MAGREPORTS/FullTime/36634894147_Commercial.xlsx
Москва,36634668025,Интерактивные медиа и цифровые индустрии,Budget,36634668025_Budget.xlsx,https://priem47.hse.ru/ABITREPORTS/MAGREPORTS/FullTime/36634668025_Budget.xlsx
Москва,36634668025,Интерактивные медиа и цифровые индустрии,Commercial,36634668025_Commercial.xlsx,https://priem47.hse.ru/ABITREPORTS/MAGREPORTS/FullTime/36634668025_Commercial.xlsx
Москва,36634652262,Интерактивный дизайн,Commercial,36634652262_Commercial.xlsx,https://priem47.hse.ru/ABITREPORTS/MAGREPORTS/FullTime/36634652262_Commercial.xlsx
Москва,36634399435,Интернет вещей и киберфизические системы,Budget,36634399435_Budget.xlsx,https://priem47.hse.ru/ABITREPORTS/MAGREPORTS/FullTime/36634399435_Budget.xlsx
Москва,36634399435,Интернет вещей и киберфизические системы,Commercial,36634399435_Commercial.xlsx,https://priem47.hse.ru/ABITREPORTS/MAGREPORTS/FullTime/36634399435_Commercial.xlsx
Москва,36634124878,Информационная безопасность в кредитно-финансовой сфере,Budget,36634124878_Budget.xlsx,https://priem47.hse.ru/ABITREPORTS/MAGREPORTS/FullTime/36634124878_Budget.xlsx
Москва,36634124878,Информационная безопасность в кредитно-финансовой сфере,Commercial,36634124878_Commercial.xlsx,https://priem47.hse.ru/ABITREPORTS/MAGREPORTS/FullTime/36634124878_Commercial.xlsx
Москва,36634124446,Информационная безопасность и технологии искусственного интеллекта,Budget,36634124446_Budget.xlsx,https://priem47.hse.ru/ABITREPORTS/MAGREPORTS/FullTime/36634124446_Budget.xlsx
Москва,36634124446,Информационная безопасность и технологии искусственного интеллекта,Commercial,36634124446_Commercial.xlsx,https://priem47.hse.ru/ABITREPORTS/MAGREPORTS/FullTime/36634124446_Commercial.xlsx
Москва,36923606680,Информационная безопасность систем искусственного интеллекта,Commercial,36923606680_Commercial.xlsx,https://priem47.hse.ru/ABITREPORTS/MAGREPORTS/FullTime/36923606680_Commercial.xlsx
Москва,36634123785,Искусственный интеллект,Commercial,36634123785_Commercial.xlsx,https://priem47.hse.ru/ABITREPORTS/MAGREPORTS/FullTime/36634123785_Commercial.xlsx
Москва,36634122954,Искусственный интеллект в маркетинге и управлении продуктом,Commercial,36634122954_Commercial.xlsx,https://priem47.hse.ru/ABITREPORTS/MAGREPORTS/FullTime/36634122954_Commercial.xlsx
Москва,36922870902,Искусственный интеллект и продуктовый подход в HR-менеджменте,Commercial,36922870902_Commercial.xlsx,https://priem47.hse.ru/ABITREPORTS/MAGREPORTS/FullTime/36922870902_Commercial.xlsx
Москва,36634123413,Исследования и предпринимательство в искусственном интеллекте,Commercial,36634123413_Commercial.xlsx,https://priem47.hse.ru/ABITREPORTS/MAGREPORTS/FullTime/36634123413_Commercial.xlsx
Москва,36923676128,Исторические исследования,Budget,36923676128_Budget.xlsx,https://priem47.hse.ru/ABITREPORTS/MAGREPORTS/FullTime/36923676128_Budget.xlsx
Москва,36923676128,Исторические исследования,Commercial,36923676128_Commercial.xlsx,https://priem47.hse.ru/ABITREPORTS/MAGREPORTS/FullTime/36923676128_Commercial.xlsx
Москва,36634648154,История художественной культуры и рынок искусства,Budget,36634648154_Budget.xlsx,https://priem47.hse.ru/ABITREPORTS/MAGREPORTS/FullTime/36634648154_Budget.xlsx
Москва,36634648154,История художественной культуры и рынок искусства,Commercial,36634648154_Commercial.xlsx,https://priem47.hse.ru/ABITREPORTS/MAGREPORTS/FullTime/36634648154_Commercial.xlsx
Москва,36634125520,Кибербезопасность,Commercial,36634125520_Commercial.xlsx,https://priem47.hse.ru/ABITREPORTS/MAGREPORTS/FullTime/36634125520_Commercial.xlsx
Москва,36634670304,Кинопроизводство,Budget,36634670304_Budget.xlsx,https://priem47.hse.ru/ABITREPORTS/MAGREPORTS/FullTime/36634670304_Budget.xlsx
Москва,36634670304,Кинопроизводство,Commercial,36634670304_Commercial.xlsx,https://priem47.hse.ru/ABITREPORTS/MAGREPORTS/FullTime/36634670304_Commercial.xlsx
Москва,36634484168,Китайский язык в межкультурной бизнес-коммуникации,Commercial,36634484168_Commercial.xlsx,https://priem47.hse.ru/ABITREPORTS/MAGREPORTS/FullTime/36634484168_Commercial.xlsx
Москва,36634659756,"Классический и современный Восток: языки, культуры, религии",Budget,36634659756_Budget.xlsx,https://priem47.hse.ru/ABITREPORTS/MAGREPORTS/FullTime/36634659756_Budget.xlsx
Москва,36634659756,"Классический и современный Восток: языки, культуры, религии",Commercial,36634659756_Commercial.xlsx,https://priem47.hse.ru/ABITREPORTS/MAGREPORTS/FullTime/36634659756_Commercial.xlsx
Москва,36634400395,Клеточная и молекулярная биотехнология,Budget,36634400395_Budget.xlsx,https://priem47.hse.ru/ABITREPORTS/MAGREPORTS/FullTime/36634400395_Budget.xlsx
Москва,36634400395,Клеточная и молекулярная биотехнология,Commercial,36634400395_Commercial.xlsx,https://priem47.hse.ru/ABITREPORTS/MAGREPORTS/FullTime/36634400395_Commercial.xlsx
Москва,36634423461,Когнитивные науки и технологии: от нейрона к познанию,Budget,36634423461_Budget.xlsx,https://priem47.hse.ru/ABITREPORTS/MAGREPORTS/FullTime/36634423461_Budget.xlsx
Москва,36634423461,Когнитивные науки и технологии: от нейрона к познанию,Commercial,36634423461_Commercial.xlsx,https://priem47.hse.ru/ABITREPORTS/MAGREPORTS/FullTime/36634423461_Commercial.xlsx
Москва,36634890974,Коммуникации в государственных структурах и НКО,Budget,36634890974_Budget.xlsx,https://priem47.hse.ru/ABITREPORTS/MAGREPORTS/FullTime/36634890974_Budget.xlsx
Москва,36634890974,Коммуникации в государственных структурах и НКО,Commercial,36634890974_Commercial.xlsx,https://priem47.hse.ru/ABITREPORTS/MAGREPORTS/FullTime/36634890974_Commercial.xlsx
Москва,36634656654,Коммуникационный и цифровой дизайн,Commercial,36634656654_Commercial.xlsx,https://priem47.hse.ru/ABITREPORTS/MAGREPORTS/FullTime/36634656654_Commercial.xlsx
Москва,36634809101,Комплаенс и профилактика правовых рисков,Budget,36634809101_Budget.xlsx,https://priem47.hse.ru/ABITREPORTS/MAGREPORTS/FullTime/36634809101_Budget.xlsx
Москва,36634809101,Комплаенс и профилактика правовых рисков,Commercial,36634809101_Commercial.xlsx,https://priem47.hse.ru/ABITREPORTS/MAGREPORTS/FullTime/36634809101_Commercial.xlsx
Москва,36634680809,Комплексный социальный анализ,Budget,36634680809_Budget.xlsx,https://priem47.hse.ru/ABITREPORTS/MAGREPORTS/FullTime/36634680809_Budget.xlsx
Москва,36634680809,Комплексный социальный анализ,Commercial,36634680809_Commercial.xlsx,https://priem47.hse.ru/ABITREPORTS/MAGREPORTS/FullTime/36634680809_Commercial.xlsx
Москва,36634481602,Компьютерная лингвистика,Budget,36634481602_Budget.xlsx,https://priem47.hse.ru/ABITREPORTS/MAGREPORTS/FullTime/36634481602_Budget.xlsx
Москва,36634481602,Компьютерная лингвистика,Commercial,36634481602_Commercial.xlsx,https://priem47.hse.ru/ABITREPORTS/MAGREPORTS/FullTime/36634481602_Commercial.xlsx
Москва,36634128988,Компьютерные системы и сети,Budget,36634128988_Budget.xlsx,https://priem47.hse.ru/ABITREPORTS/MAGREPORTS/FullTime/36634128988_Budget.xlsx
Москва,36634128988,Компьютерные системы и сети,Commercial,36634128988_Commercial.xlsx,https://priem47.hse.ru/ABITREPORTS/MAGREPORTS/FullTime/36634128988_Commercial.xlsx
Москва,36634829009,Корпоративные финансы,Commercial,36634829009_Commercial.xlsx,https://priem47.hse.ru/ABITREPORTS/MAGREPORTS/FullTime/36634829009_Commercial.xlsx
Москва,36634647712,Культурные исследования,Budget,36634647712_Budget.xlsx,https://priem47.hse.ru/ABITREPORTS/MAGREPORTS/FullTime/36634647712_Budget.xlsx
Москва,36634647712,Культурные исследования,Commercial,36634647712_Commercial.xlsx,https://priem47.hse.ru/ABITREPORTS/MAGREPORTS/FullTime/36634647712_Commercial.xlsx
Москва,36634166805,ЛигалТех,Commercial,36634166805_Commercial.xlsx,https://priem47.hse.ru/ABITREPORTS/MAGREPORTS/FullTime/36634166805_Commercial.xlsx
Москва,36634479650,Литературное мастерство,Budget,36634479650_Budget.xlsx,https://priem47.hse.ru/ABITREPORTS/MAGREPORTS/FullTime/36634479650_Budget.xlsx
Москва,36634479650,Литературное мастерство,Commercial,36634479650_Commercial.xlsx,https://priem47.hse.ru/ABITREPORTS/MAGREPORTS/FullTime/36634479650_Commercial.xlsx
Москва,36634826816,Магистр аналитики бизнеса,Commercial,36634826816_Commercial.xlsx,https://priem47.hse.ru/ABITREPORTS/MAGREPORTS/FullTime/36634826816_Commercial.xlsx
Москва,36634444313,Маркетинг - менеджмент,Commercial,36634444313_Commercial.xlsx,https://priem47.hse.ru/ABITREPORTS/MAGREPORTS/FullTime/36634444313_Commercial.xlsx
Москва,36634446891,Маркетинг: цифровые технологии и маркетинговые коммуникации,Budget,36634446891_Budget.xlsx,https://priem47.hse.ru/ABITREPORTS/MAGREPORTS/FullTime/36634446891_Budget.xlsx
Москва,36634446891,Маркетинг: цифровые технологии и маркетинговые коммуникации,Commercial,36634446891_Commercial.xlsx,https://priem47.hse.ru/ABITREPORTS/MAGREPORTS/FullTime/36634446891_Commercial.xlsx
Москва,36633480989,Математика,Budget,36633480989_Budget.xlsx,https://priem47.hse.ru/ABITREPORTS/MAGREPORTS/FullTime/36633480989_Budget.xlsx
Москва,36633480989,Математика,Commercial,36633480989_Commercial.xlsx,https://priem47.hse.ru/ABITREPORTS/MAGREPORTS/FullTime/36633480989_Commercial.xlsx
Москва,36634109304,Математика машинного обучения,Budget,36634109304_Budget.xlsx,https://priem47.hse.ru/ABITREPORTS/MAGREPORTS/FullTime/36634109304_Budget.xlsx
Москва,36634109304,Математика машинного обучения,Commercial,36634109304_Commercial.xlsx,https://priem47.hse.ru/ABITREPORTS/MAGREPORTS/FullTime/36634109304_Commercial.xlsx
Москва,36634122630,Машинное обучение в цифровом продукте,Commercial,36634122630_Commercial.xlsx,https://priem47.hse.ru/ABITREPORTS/MAGREPORTS/FullTime/36634122630_Commercial.xlsx
Москва,36635024428,Медиаменеджмент,Budget,36635024428_Budget.xlsx,https://priem47.hse.ru/ABITREPORTS/MAGREPORTS/FullTime/36635024428_Budget.xlsx
Москва,36635024428,Медиаменеджмент,Commercial,36635024428_Commercial.xlsx,https://priem47.hse.ru/ABITREPORTS/MAGREPORTS/FullTime/36635024428_Commercial.xlsx
Москва,36634441416,Международная торговая политика,Budget,36634441416_Budget.xlsx,https://priem47.hse.ru/ABITREPORTS/MAGREPORTS/FullTime/36634441416_Budget.xlsx
Москва,36634441416,Международная торговая политика,Commercial,36634441416_Commercial.xlsx,https://priem47.hse.ru/ABITREPORTS/MAGREPORTS/FullTime/36634441416_Commercial.xlsx
Москва,36634768707,Международные отношения: европейские и азиатские исследования,Budget,36634768707_Budget.xlsx,https://priem47.hse.ru/ABITREPORTS/MAGREPORTS/FullTime/36634768707_Budget.xlsx
Москва,36634768707,Международные отношения: европейские и азиатские исследования,Commercial,36634768707_Commercial.xlsx,https://priem47.hse.ru/ABITREPORTS/MAGREPORTS/FullTime/36634768707_Commercial.xlsx
Москва,36634448375,Международный бизнес,Commercial,36634448375_Commercial.xlsx,https://priem47.hse.ru/ABITREPORTS/MAGREPORTS/FullTime/36634448375_Commercial.xlsx
Москва,36634813694,Международный корпоративный комплаенс и этика бизнеса,Commercial,36634813694_Commercial.xlsx,https://priem47.hse.ru/ABITREPORTS/MAGREPORTS/FullTime/36634813694_Commercial.xlsx
Москва,36634452450,Международный менеджмент,Budget,36634452450_Budget.xlsx,https://priem47.hse.ru/ABITREPORTS/MAGREPORTS/FullTime/36634452450_Budget.xlsx
Москва,36634452450,Международный менеджмент,Commercial,36634452450_Commercial.xlsx,https://priem47.hse.ru/ABITREPORTS/MAGREPORTS/FullTime/36634452450_Commercial.xlsx
Москва,36957165108,"Международный спортивный менеджмент, маркетинг и право",Commercial,36957165108_Commercial.xlsx,https://priem47.hse.ru/ABITREPORTS/MAGREPORTS/FullTime/36957165108_Commercial.xlsx
Москва,36634477214,"Международный спортивный менеджмент, маркетинг и право",Commercial,36634477214_Commercial.xlsx,https://priem47.hse.ru/ABITREPORTS/MAGREPORTS/FullTime/36634477214_Commercial.xlsx
Москва,36634442995,Мировая экономика,Budget,36634442995_Budget.xlsx,https://priem47.hse.ru/ABITREPORTS/MAGREPORTS/FullTime/36634442995_Budget.xlsx
Москва,36634442995,Мировая экономика,Commercial,36634442995_Commercial.xlsx,https://priem47.hse.ru/ABITREPORTS/MAGREPORTS/FullTime/36634442995_Commercial.xlsx
Москва,36913199560,Мода,Commercial,36913199560_Commercial.xlsx,https://priem47.hse.ru/ABITREPORTS/MAGREPORTS/FullTime/36913199560_Commercial.xlsx
Москва,36634744291,Население и развитие,Budget,36634744291_Budget.xlsx,https://priem47.hse.ru/ABITREPORTS/MAGREPORTS/FullTime/36634744291_Budget.xlsx
Москва,36634744291,Население и развитие,Commercial,36634744291_Commercial.xlsx,https://priem47.hse.ru/ABITREPORTS/MAGREPORTS/FullTime/36634744291_Commercial.xlsx
Москва,36634107416,Науки о данных,Budget,36634107416_Budget.xlsx,https://priem47.hse.ru/ABITREPORTS/MAGREPORTS/FullTime/36634107416_Budget.xlsx
Москва,36634107416,Науки о данных,Commercial,36634107416_Commercial.xlsx,https://priem47.hse.ru/ABITREPORTS/MAGREPORTS/FullTime/36634107416_Commercial.xlsx
Москва,36923571101,Нейробиология,Budget,36923571101_Budget.xlsx,https://priem47.hse.ru/ABITREPORTS/MAGREPORTS/FullTime/36923571101_Budget.xlsx
Москва,36923571101,Нейробиология,Commercial,36923571101_Commercial.xlsx,https://priem47.hse.ru/ABITREPORTS/MAGREPORTS/FullTime/36923571101_Commercial.xlsx
Москва,36635147849,Обучение и оценивание как наука,Budget,36635147849_Budget.xlsx,https://priem47.hse.ru/ABITREPORTS/MAGREPORTS/FullTime/36635147849_Budget.xlsx
Москва,36635147849,Обучение и оценивание как наука,Commercial,36635147849_Commercial.xlsx,https://priem47.hse.ru/ABITREPORTS/MAGREPORTS/FullTime/36635147849_Commercial.xlsx
Москва,36634743633,Операционная эффективность и производственные системы,Budget,36634743633_Budget.xlsx,https://priem47.hse.ru/ABITREPORTS/MAGREPORTS/FullTime/36634743633_Budget.xlsx
Москва,36634743633,Операционная эффективность и производственные системы,Commercial,36634743633_Commercial.xlsx,https://priem47.hse.ru/ABITREPORTS/MAGREPORTS/FullTime/36634743633_Commercial.xlsx
Москва,36635027515,Педагогический дизайн: теория и практика обучения,Commercial,36635027515_Commercial.xlsx,https://priem47.hse.ru/ABITREPORTS/MAGREPORTS/FullTime/36635027515_Commercial.xlsx
Москва,36635022403,Педагогическое образование,Budget,36635022403_Budget.xlsx,https://priem47.hse.ru/ABITREPORTS/MAGREPORTS/FullTime/36635022403_Budget.xlsx
Москва,36635022403,Педагогическое образование,Commercial,36635022403_Commercial.xlsx,https://priem47.hse.ru/ABITREPORTS/MAGREPORTS/FullTime/36635022403_Commercial.xlsx
Москва,36634212235,Персонология. Консультативная психология и психотерапия,Budget,36634212235_Budget.xlsx,https://priem47.hse.ru/ABITREPORTS/MAGREPORTS/FullTime/36634212235_Budget.xlsx
Москва,36634212235,Персонология. Консультативная психология и психотерапия,Commercial,36634212235_Commercial.xlsx,https://priem47.hse.ru/ABITREPORTS/MAGREPORTS/FullTime/36634212235_Commercial.xlsx
Москва,36634210831,Позитивная психология,Budget,36634210831_Budget.xlsx,https://priem47.hse.ru/ABITREPORTS/MAGREPORTS/FullTime/36634210831_Budget.xlsx
Москва,36634210831,Позитивная психология,Commercial,36634210831_Commercial.xlsx,https://priem47.hse.ru/ABITREPORTS/MAGREPORTS/FullTime/36634210831_Commercial.xlsx
Москва,36634870561,Политика. Экономика. Философия,Budget,36634870561_Budget.xlsx,https://priem47.hse.ru/ABITREPORTS/MAGREPORTS/FullTime/36634870561_Budget.xlsx
Москва,36634870561,Политика. Экономика. Философия,Commercial,36634870561_Commercial.xlsx,https://priem47.hse.ru/ABITREPORTS/MAGREPORTS/FullTime/36634870561_Commercial.xlsx
Москва,36634767368,Право международной торговли и разрешение споров,Budget,36634767368_Budget.xlsx,https://priem47.hse.ru/ABITREPORTS/MAGREPORTS/FullTime/36634767368_Budget.xlsx
Москва,36634767368,Право международной торговли и разрешение споров,Commercial,36634767368_Commercial.xlsx,https://priem47.hse.ru/ABITREPORTS/MAGREPORTS/FullTime/36634767368_Commercial.xlsx
Москва,36635053719,Практики кураторства в современном искусстве,Commercial,36635053719_Commercial.xlsx,https://priem47.hse.ru/ABITREPORTS/MAGREPORTS/FullTime/36635053719_Commercial.xlsx
Москва,36635059832,Практики современного искусства,Commercial,36635059832_Commercial.xlsx,https://priem47.hse.ru/ABITREPORTS/MAGREPORTS/FullTime/36635059832_Commercial.xlsx
Москва,36634873573,Прикладная политология,Budget,36634873573_Budget.xlsx,https://priem47.hse.ru/ABITREPORTS/MAGREPORTS/FullTime/36634873573_Budget.xlsx
Москва,36634873573,Прикладная политология,Commercial,36634873573_Commercial.xlsx,https://priem47.hse.ru/ABITREPORTS/MAGREPORTS/FullTime/36634873573_Commercial.xlsx
Москва,36634210173,Прикладная социальная психология,Budget,36634210173_Budget.xlsx,https://priem47.hse.ru/ABITREPORTS/MAGREPORTS/FullTime/36634210173_Budget.xlsx
Москва,36634210173,Прикладная социальная психология,Commercial,36634210173_Commercial.xlsx,https://priem47.hse.ru/ABITREPORTS/MAGREPORTS/FullTime/36634210173_Commercial.xlsx
Москва,36634398922,Прикладная электроника и фотоника,Budget,36634398922_Budget.xlsx,https://priem47.hse.ru/ABITREPORTS/MAGREPORTS/FullTime/36634398922_Budget.xlsx
Москва,36634398922,Прикладная электроника и фотоника,Commercial,36634398922_Commercial.xlsx,https://priem47.hse.ru/ABITREPORTS/MAGREPORTS/FullTime/36634398922_Commercial.xlsx
Москва,36634163420,Прикладные модели искусственного интеллекта,Budget,36634163420_Budget.xlsx,https://priem47.hse.ru/ABITREPORTS/MAGREPORTS/FullTime/36634163420_Budget.xlsx
Москва,36634163420,Прикладные модели искусственного интеллекта,Commercial,36634163420_Commercial.xlsx,https://priem47.hse.ru/ABITREPORTS/MAGREPORTS/FullTime/36634163420_Commercial.xlsx
Москва,36971513712,Прикладные нейросетевые технологии,Commercial,36971513712_Commercial.xlsx,https://priem47.hse.ru/ABITREPORTS/MAGREPORTS/FullTime/36971513712_Commercial.xlsx
Москва,36634777602,"Программа двух дипломов НИУ ВШЭ и Университета Кёнхи ""Экономика, политика и бизнес в Азии""",Commercial,36634777602_Commercial.xlsx,https://priem47.hse.ru/ABITREPORTS/MAGREPORTS/FullTime/36634777602_Commercial.xlsx
Москва,36635016240,Продюсер в музыкальной индустрии,Commercial,36635016240_Commercial.xlsx,https://priem47.hse.ru/ABITREPORTS/MAGREPORTS/FullTime/36635016240_Commercial.xlsx
Москва,36635019313,Продюсер театра и исполнительских искусств,Commercial,36635019313_Commercial.xlsx,https://priem47.hse.ru/ABITREPORTS/MAGREPORTS/FullTime/36635019313_Commercial.xlsx
Москва,36985942928,Пространственные данные и прикладная геоаналитика,Budget,36985942928_Budget.xlsx,https://priem47.hse.ru/ABITREPORTS/MAGREPORTS/FullTime/36985942928_Budget.xlsx
Москва,36985942928,Пространственные данные и прикладная геоаналитика,Commercial,36985942928_Commercial.xlsx,https://priem47.hse.ru/ABITREPORTS/MAGREPORTS/FullTime/36985942928_Commercial.xlsx
Москва,36634208277,Психоанализ и психоаналитическая психотерапия,Commercial,36634208277_Commercial.xlsx,https://priem47.hse.ru/ABITREPORTS/MAGREPORTS/FullTime/36634208277_Commercial.xlsx
Москва,36634208641,Психоанализ и психоаналитическое бизнес-консультирование,Commercial,36634208641_Commercial.xlsx,https://priem47.hse.ru/ABITREPORTS/MAGREPORTS/FullTime/36634208641_Commercial.xlsx
Москва,36634209205,Психология в бизнесе,Commercial,36634209205_Commercial.xlsx,https://priem47.hse.ru/ABITREPORTS/MAGREPORTS/FullTime/36634209205_Commercial.xlsx
Москва,36634766800,Публичное право,Budget,36634766800_Budget.xlsx,https://priem47.hse.ru/ABITREPORTS/MAGREPORTS/FullTime/36634766800_Budget.xlsx
Москва,36634766800,Публичное право,Commercial,36634766800_Commercial.xlsx,https://priem47.hse.ru/ABITREPORTS/MAGREPORTS/FullTime/36634766800_Commercial.xlsx
Москва,36962612385,Религиозная дипломатия в многополярном мире,Budget,36962612385_Budget.xlsx,https://priem47.hse.ru/ABITREPORTS/MAGREPORTS/FullTime/36962612385_Budget.xlsx
Москва,36962612385,Религиозная дипломатия в многополярном мире,Commercial,36962612385_Commercial.xlsx,https://priem47.hse.ru/ABITREPORTS/MAGREPORTS/FullTime/36962612385_Commercial.xlsx
Москва,36635111472,Русский язык как иностранный,Budget,36635111472_Budget.xlsx,https://priem47.hse.ru/ABITREPORTS/MAGREPORTS/FullTime/36635111472_Budget.xlsx
Москва,36635111472,Русский язык как иностранный,Commercial,36635111472_Commercial.xlsx,https://priem47.hse.ru/ABITREPORTS/MAGREPORTS/FullTime/36635111472_Commercial.xlsx
Москва,36634132599,Системная и программная инженерия,Budget,36634132599_Budget.xlsx,https://priem47.hse.ru/ABITREPORTS/MAGREPORTS/FullTime/36634132599_Budget.xlsx
Москва,36634132599,Системная и программная инженерия,Commercial,36634132599_Commercial.xlsx,https://priem47.hse.ru/ABITREPORTS/MAGREPORTS/FullTime/36634132599_Commercial.xlsx
Москва,36634216077,Системная семейная психотерапия,Commercial,36634216077_Commercial.xlsx,https://priem47.hse.ru/ABITREPORTS/MAGREPORTS/FullTime/36634216077_Commercial.xlsx
Москва,36634135464,Системное программирование,Budget,36634135464_Budget.xlsx,https://priem47.hse.ru/ABITREPORTS/MAGREPORTS/FullTime/36634135464_Budget.xlsx
Москва,36634135464,Системное программирование,Commercial,36634135464_Commercial.xlsx,https://priem47.hse.ru/ABITREPORTS/MAGREPORTS/FullTime/36634135464_Commercial.xlsx
Москва,36634207252,Системный анализ и математические технологии,Budget,36634207252_Budget.xlsx,https://priem47.hse.ru/ABITREPORTS/MAGREPORTS/FullTime/36634207252_Budget.xlsx
Москва,36634207252,Системный анализ и математические технологии,Commercial,36634207252_Commercial.xlsx,https://priem47.hse.ru/ABITREPORTS/MAGREPORTS/FullTime/36634207252_Commercial.xlsx
Москва,36634047694,Совместная магистратура НИУ ВШЭ и ЦПМ,Budget,36634047694_Budget.xlsx,https://priem47.hse.ru/ABITREPORTS/MAGREPORTS/FullTime/36634047694_Budget.xlsx
Москва,36634047694,Совместная магистратура НИУ ВШЭ и ЦПМ,Commercial,36634047694_Commercial.xlsx,https://priem47.hse.ru/ABITREPORTS/MAGREPORTS/FullTime/36634047694_Commercial.xlsx
Москва,36634865048,Современная журналистика,Budget,36634865048_Budget.xlsx,https://priem47.hse.ru/ABITREPORTS/MAGREPORTS/FullTime/36634865048_Budget.xlsx
Москва,36634865048,Современная журналистика,Commercial,36634865048_Commercial.xlsx,https://priem47.hse.ru/ABITREPORTS/MAGREPORTS/FullTime/36634865048_Commercial.xlsx
Москва,36635094740,Современное востоковедение,Budget,36635094740_Budget.xlsx,https://priem47.hse.ru/ABITREPORTS/MAGREPORTS/FullTime/36635094740_Budget.xlsx
Москва,36635094740,Современное востоковедение,Commercial,36635094740_Commercial.xlsx,https://priem47.hse.ru/ABITREPORTS/MAGREPORTS/FullTime/36635094740_Commercial.xlsx
Москва,36634766231,Современное частное право,Budget,36634766231_Budget.xlsx,https://priem47.hse.ru/ABITREPORTS/MAGREPORTS/FullTime/36634766231_Budget.xlsx
Москва,36634766231,Современное частное право,Commercial,36634766231_Commercial.xlsx,https://priem47.hse.ru/ABITREPORTS/MAGREPORTS/FullTime/36634766231_Commercial.xlsx
Москва,36634178506,Современные компьютерные науки,Budget,36634178506_Budget.xlsx,https://priem47.hse.ru/ABITREPORTS/MAGREPORTS/FullTime/36634178506_Budget.xlsx
Москва,36634178506,Современные компьютерные науки,Commercial,36634178506_Commercial.xlsx,https://priem47.hse.ru/ABITREPORTS/MAGREPORTS/FullTime/36634178506_Commercial.xlsx
Москва,36635009868,Современные медиаисследования и аналитика,Budget,36635009868_Budget.xlsx,https://priem47.hse.ru/ABITREPORTS/MAGREPORTS/FullTime/36635009868_Budget.xlsx
Москва,36635009868,Современные медиаисследования и аналитика,Commercial,36635009868_Commercial.xlsx,https://priem47.hse.ru/ABITREPORTS/MAGREPORTS/FullTime/36635009868_Commercial.xlsx
Москва,36635012278,Современные технологии преподавания дизайна и искусства,Budget,36635012278_Budget.xlsx,https://priem47.hse.ru/ABITREPORTS/MAGREPORTS/FullTime/36635012278_Budget.xlsx
Москва,36635012278,Современные технологии преподавания дизайна и искусства,Commercial,36635012278_Commercial.xlsx,https://priem47.hse.ru/ABITREPORTS/MAGREPORTS/FullTime/36635012278_Commercial.xlsx
Москва,36634819326,Социальный анализ рынков на цифровых и опросных данных,Budget,36634819326_Budget.xlsx,https://priem47.hse.ru/ABITREPORTS/MAGREPORTS/FullTime/36634819326_Budget.xlsx
Москва,36634819326,Социальный анализ рынков на цифровых и опросных данных,Commercial,36634819326_Commercial.xlsx,https://priem47.hse.ru/ABITREPORTS/MAGREPORTS/FullTime/36634819326_Commercial.xlsx
Москва,36634821614,Социология публичной сферы и цифровая аналитика,Budget,36634821614_Budget.xlsx,https://priem47.hse.ru/ABITREPORTS/MAGREPORTS/FullTime/36634821614_Budget.xlsx
Москва,36634821614,Социология публичной сферы и цифровая аналитика,Commercial,36634821614_Commercial.xlsx,https://priem47.hse.ru/ABITREPORTS/MAGREPORTS/FullTime/36634821614_Commercial.xlsx
Москва,36634772526,Сравнительное правоведение и фундаментальный правовой анализ,Budget,36634772526_Budget.xlsx,https://priem47.hse.ru/ABITREPORTS/MAGREPORTS/FullTime/36634772526_Budget.xlsx
Москва,36634772526,Сравнительное правоведение и фундаментальный правовой анализ,Commercial,36634772526_Commercial.xlsx,https://priem47.hse.ru/ABITREPORTS/MAGREPORTS/FullTime/36634772526_Commercial.xlsx
Москва,36634765632,Сравнительные социальные исследования,Budget,36634765632_Budget.xlsx,https://priem47.hse.ru/ABITREPORTS/MAGREPORTS/FullTime/36634765632_Budget.xlsx
Москва,36634765632,Сравнительные социальные исследования,Commercial,36634765632_Commercial.xlsx,https://priem47.hse.ru/ABITREPORTS/MAGREPORTS/FullTime/36634765632_Commercial.xlsx
Москва,36634729389,Статистический анализ в экономике,Budget,36634729389_Budget.xlsx,https://priem47.hse.ru/ABITREPORTS/MAGREPORTS/FullTime/36634729389_Budget.xlsx
Москва,36634729389,Статистический анализ в экономике,Commercial,36634729389_Commercial.xlsx,https://priem47.hse.ru/ABITREPORTS/MAGREPORTS/FullTime/36634729389_Commercial.xlsx
Москва,36634731597,Стохастическое моделирование в экономике и финансах,Budget,36634731597_Budget.xlsx,https://priem47.hse.ru/ABITREPORTS/MAGREPORTS/FullTime/36634731597_Budget.xlsx
Москва,36634731597,Стохастическое моделирование в экономике и финансах,Commercial,36634731597_Commercial.xlsx,https://priem47.hse.ru/ABITREPORTS/MAGREPORTS/FullTime/36634731597_Commercial.xlsx
Москва,36634741150,Стратегический менеджмент: инвестиции и консалтинг,Budget,36634741150_Budget.xlsx,https://priem47.hse.ru/ABITREPORTS/MAGREPORTS/FullTime/36634741150_Budget.xlsx
Москва,36634741150,Стратегический менеджмент: инвестиции и консалтинг,Commercial,36634741150_Commercial.xlsx,https://priem47.hse.ru/ABITREPORTS/MAGREPORTS/FullTime/36634741150_Commercial.xlsx
Москва,36634764938,Стратегическое управление финансами фирмы,Budget,36634764938_Budget.xlsx,https://priem47.hse.ru/ABITREPORTS/MAGREPORTS/FullTime/36634764938_Budget.xlsx
Москва,36634764938,Стратегическое управление финансами фирмы,Commercial,36634764938_Commercial.xlsx,https://priem47.hse.ru/ABITREPORTS/MAGREPORTS/FullTime/36634764938_Commercial.xlsx
Москва,36634629125,Теория языка и полевая лингвистика,Budget,36634629125_Budget.xlsx,https://priem47.hse.ru/ABITREPORTS/MAGREPORTS/FullTime/36634629125_Budget.xlsx
Москва,36634629125,Теория языка и полевая лингвистика,Commercial,36634629125_Commercial.xlsx,https://priem47.hse.ru/ABITREPORTS/MAGREPORTS/FullTime/36634629125_Commercial.xlsx
Москва,36634168709,Технологии искусственного интеллекта в телекоммуникациях,Budget,36634168709_Budget.xlsx,https://priem47.hse.ru/ABITREPORTS/MAGREPORTS/FullTime/36634168709_Budget.xlsx
Москва,36634168709,Технологии искусственного интеллекта в телекоммуникациях,Commercial,36634168709_Commercial.xlsx,https://priem47.hse.ru/ABITREPORTS/MAGREPORTS/FullTime/36634168709_Commercial.xlsx
Москва,36971549759,Умные устройства: аппаратная разработка,Budget,36971549759_Budget.xlsx,https://priem47.hse.ru/ABITREPORTS/MAGREPORTS/FullTime/36971549759_Budget.xlsx
Москва,36971549759,Умные устройства: аппаратная разработка,Commercial,36971549759_Commercial.xlsx,https://priem47.hse.ru/ABITREPORTS/MAGREPORTS/FullTime/36971549759_Commercial.xlsx
Москва,36634735457,Управление B2C-бизнесом: технологии и инновации,Commercial,36634735457_Commercial.xlsx,https://priem47.hse.ru/ABITREPORTS/MAGREPORTS/FullTime/36634735457_Commercial.xlsx
Москва,36634237558,Управление в креативных индустриях,Commercial,36634237558_Commercial.xlsx,https://priem47.hse.ru/ABITREPORTS/MAGREPORTS/FullTime/36634237558_Commercial.xlsx
Москва,36634258902,"Управление в сфере науки, технологий и инноваций",Budget,36634258902_Budget.xlsx,https://priem47.hse.ru/ABITREPORTS/MAGREPORTS/FullTime/36634258902_Budget.xlsx
Москва,36634258902,"Управление в сфере науки, технологий и инноваций",Commercial,36634258902_Commercial.xlsx,https://priem47.hse.ru/ABITREPORTS/MAGREPORTS/FullTime/36634258902_Commercial.xlsx
Москва,36634231345,Управление и экономика здравоохранения,Budget,36634231345_Budget.xlsx,https://priem47.hse.ru/ABITREPORTS/MAGREPORTS/FullTime/36634231345_Budget.xlsx
Москва,36634231345,Управление и экономика здравоохранения,Commercial,36634231345_Commercial.xlsx,https://priem47.hse.ru/ABITREPORTS/MAGREPORTS/FullTime/36634231345_Commercial.xlsx
Москва,36634226310,Управление инновационным бизнесом,Commercial,36634226310_Commercial.xlsx,https://priem47.hse.ru/ABITREPORTS/MAGREPORTS/FullTime/36634226310_Commercial.xlsx
Москва,36634229182,"Управление исследованиями, разработками и инновациями в компании",Budget,36634229182_Budget.xlsx,https://priem47.hse.ru/ABITREPORTS/MAGREPORTS/FullTime/36634229182_Budget.xlsx
Москва,36634229182,"Управление исследованиями, разработками и инновациями в компании",Commercial,36634229182_Commercial.xlsx,https://priem47.hse.ru/ABITREPORTS/MAGREPORTS/FullTime/36634229182_Commercial.xlsx
Москва,36634185339,Управление низкоуглеродным развитием,Budget,36634185339_Budget.xlsx,https://priem47.hse.ru/ABITREPORTS/MAGREPORTS/FullTime/36634185339_Budget.xlsx
Москва,36634185339,Управление низкоуглеродным развитием,Commercial,36634185339_Commercial.xlsx,https://priem47.hse.ru/ABITREPORTS/MAGREPORTS/FullTime/36634185339_Commercial.xlsx
Москва,36634856404,Управление продуктом в ИТ-бизнесе,Commercial,36634856404_Commercial.xlsx,https://priem47.hse.ru/ABITREPORTS/MAGREPORTS/FullTime/36634856404_Commercial.xlsx
Москва,36634184999,Управление пространственным развитием городов,Budget,36634184999_Budget.xlsx,https://priem47.hse.ru/ABITREPORTS/MAGREPORTS/FullTime/36634184999_Budget.xlsx
Москва,36634184999,Управление пространственным развитием городов,Commercial,36634184999_Commercial.xlsx,https://priem47.hse.ru/ABITREPORTS/MAGREPORTS/FullTime/36634184999_Commercial.xlsx
Москва,36634877567,Управление стратегическими коммуникациями,Commercial,36634877567_Commercial.xlsx,https://priem47.hse.ru/ABITREPORTS/MAGREPORTS/FullTime/36634877567_Commercial.xlsx
Москва,36634397148,Управление цифровым продуктом,Commercial,36634397148_Commercial.xlsx,https://priem47.hse.ru/ABITREPORTS/MAGREPORTS/FullTime/36634397148_Commercial.xlsx
Москва,36634774098,Фармправо и здравоохранение,Budget,36634774098_Budget.xlsx,https://priem47.hse.ru/ABITREPORTS/MAGREPORTS/FullTime/36634774098_Budget.xlsx
Москва,36634774098,Фармправо и здравоохранение,Commercial,36634774098_Commercial.xlsx,https://priem47.hse.ru/ABITREPORTS/MAGREPORTS/FullTime/36634774098_Commercial.xlsx
Москва,36634183987,Физика,Budget,36634183987_Budget.xlsx,https://priem47.hse.ru/ABITREPORTS/MAGREPORTS/FullTime/36634183987_Budget.xlsx
Москва,36634183987,Физика,Commercial,36634183987_Commercial.xlsx,https://priem47.hse.ru/ABITREPORTS/MAGREPORTS/FullTime/36634183987_Commercial.xlsx
Москва,36936823912,Филологические исследования,Budget,36936823912_Budget.xlsx,https://priem47.hse.ru/ABITREPORTS/MAGREPORTS/FullTime/36936823912_Budget.xlsx
Москва,36936823912,Филологические исследования,Commercial,36936823912_Commercial.xlsx,https://priem47.hse.ru/ABITREPORTS/MAGREPORTS/FullTime/36936823912_Commercial.xlsx
Москва,36635049966,Философские исследования,Budget,36635049966_Budget.xlsx,https://priem47.hse.ru/ABITREPORTS/MAGREPORTS/FullTime/36635049966_Budget.xlsx
Москва,36635049966,Философские исследования,Commercial,36635049966_Commercial.xlsx,https://priem47.hse.ru/ABITREPORTS/MAGREPORTS/FullTime/36635049966_Commercial.xlsx
Москва,36634718779,Финансовая экономика,Budget,36634718779_Budget.xlsx,https://priem47.hse.ru/ABITREPORTS/MAGREPORTS/FullTime/36634718779_Budget.xlsx
Москва,36634718779,Финансовая экономика,Commercial,36634718779_Commercial.xlsx,https://priem47.hse.ru/ABITREPORTS/MAGREPORTS/FullTime/36634718779_Commercial.xlsx
Москва,36634801233,Финансовые рынки и финансовые институты,Budget,36634801233_Budget.xlsx,https://priem47.hse.ru/ABITREPORTS/MAGREPORTS/FullTime/36634801233_Budget.xlsx
Москва,36634801233,Финансовые рынки и финансовые институты,Commercial,36634801233_Commercial.xlsx,https://priem47.hse.ru/ABITREPORTS/MAGREPORTS/FullTime/36634801233_Commercial.xlsx
Москва,36634183392,Финансовые технологии и анализ данных,Commercial,36634183392_Commercial.xlsx,https://priem47.hse.ru/ABITREPORTS/MAGREPORTS/FullTime/36634183392_Commercial.xlsx
Москва,36634796161,Финансовый аналитик,Commercial,36634796161_Commercial.xlsx,https://priem47.hse.ru/ABITREPORTS/MAGREPORTS/FullTime/36634796161_Commercial.xlsx
Москва,36634798363,Финансовый инжиниринг,Commercial,36634798363_Commercial.xlsx,https://priem47.hse.ru/ABITREPORTS/MAGREPORTS/FullTime/36634798363_Commercial.xlsx
Москва,36634795496,Финансы,Commercial,36634795496_Commercial.xlsx,https://priem47.hse.ru/ABITREPORTS/MAGREPORTS/FullTime/36634795496_Commercial.xlsx
Москва,36634184189,Химия молекулярных систем и материалов,Budget,36634184189_Budget.xlsx,https://priem47.hse.ru/ABITREPORTS/MAGREPORTS/FullTime/36634184189_Budget.xlsx
Москва,36634184189,Химия молекулярных систем и материалов,Commercial,36634184189_Commercial.xlsx,https://priem47.hse.ru/ABITREPORTS/MAGREPORTS/FullTime/36634184189_Commercial.xlsx
Москва,36634185785,Цифровая инженерия для компьютерных игр,Commercial,36634185785_Commercial.xlsx,https://priem47.hse.ru/ABITREPORTS/MAGREPORTS/FullTime/36634185785_Commercial.xlsx
Москва,36634184649,Цифровая урбанистика и аналитика города,Commercial,36634184649_Commercial.xlsx,https://priem47.hse.ru/ABITREPORTS/MAGREPORTS/FullTime/36634184649_Commercial.xlsx
Москва,36634771142,Цифровое право,Budget,36634771142_Budget.xlsx,https://priem47.hse.ru/ABITREPORTS/MAGREPORTS/FullTime/36634771142_Budget.xlsx
Москва,36634771142,Цифровое право,Commercial,36634771142_Commercial.xlsx,https://priem47.hse.ru/ABITREPORTS/MAGREPORTS/FullTime/36634771142_Commercial.xlsx
Москва,36923619805,Цифровой инжиниринг в телекоммуникациях,Budget,36923619805_Budget.xlsx,https://priem47.hse.ru/ABITREPORTS/MAGREPORTS/FullTime/36923619805_Budget.xlsx
Москва,36923619805,Цифровой инжиниринг в телекоммуникациях,Commercial,36923619805_Commercial.xlsx,https://priem47.hse.ru/ABITREPORTS/MAGREPORTS/FullTime/36923619805_Commercial.xlsx
Москва,36634882278,Цифровые коммуникации и продуктовая аналитика,Budget,36634882278_Budget.xlsx,https://priem47.hse.ru/ABITREPORTS/MAGREPORTS/FullTime/36634882278_Budget.xlsx
Москва,36634882278,Цифровые коммуникации и продуктовая аналитика,Commercial,36634882278_Commercial.xlsx,https://priem47.hse.ru/ABITREPORTS/MAGREPORTS/FullTime/36634882278_Commercial.xlsx
Москва,36923650437,Цифровые технологии в гуманитарных исследованиях,Budget,36923650437_Budget.xlsx,https://priem47.hse.ru/ABITREPORTS/MAGREPORTS/FullTime/36923650437_Budget.xlsx
Москва,36923650437,Цифровые технологии в гуманитарных исследованиях,Commercial,36923650437_Commercial.xlsx,https://priem47.hse.ru/ABITREPORTS/MAGREPORTS/FullTime/36923650437_Commercial.xlsx
Москва,36634723090,Экономика и экономическая политика,Budget,36634723090_Budget.xlsx,https://priem47.hse.ru/ABITREPORTS/MAGREPORTS/FullTime/36634723090_Budget.xlsx
Москва,36634723090,Экономика и экономическая политика,Commercial,36634723090_Commercial.xlsx,https://priem47.hse.ru/ABITREPORTS/MAGREPORTS/FullTime/36634723090_Commercial.xlsx
Москва,36634724644,Экономический анализ,Commercial,36634724644_Commercial.xlsx,https://priem47.hse.ru/ABITREPORTS/MAGREPORTS/FullTime/36634724644_Commercial.xlsx
Москва,36634770048,Юрист в бизнесе,Budget,36634770048_Budget.xlsx,https://priem47.hse.ru/ABITREPORTS/MAGREPORTS/FullTime/36634770048_Budget.xlsx
Москва,36634770048,Юрист в бизнесе,Commercial,36634770048_Commercial.xlsx,https://priem47.hse.ru/ABITREPORTS/MAGREPORTS/FullTime/36634770048_Commercial.xlsx
Москва,36634770503,Юрист в правосудии,Budget,36634770503_Budget.xlsx,https://priem47.hse.ru/ABITREPORTS/MAGREPORTS/FullTime/36634770503_Budget.xlsx
Москва,36634770503,Юрист в правосудии,Commercial,36634770503_Commercial.xlsx,https://priem47.hse.ru/ABITREPORTS/MAGREPORTS/FullTime/36634770503_Commercial.xlsx
Москва,36634770807,Юрист мирового финансового рынка,Commercial,36634770807_Commercial.xlsx,https://priem47.hse.ru/ABITREPORTS/MAGREPORTS/FullTime/36634770807_Commercial.xlsx
НИУ ВШЭ - Санкт-Петербург,36704609407,UX-аналитика и проектирование информационных систем,Budget,36704609407_Budget.xlsx,https://priem47.hse.ru/ABITREPORTS/MAGREPORTS/FullTime/36704609407_Budget.xlsx
НИУ ВШЭ - Санкт-Петербург,36704609407,UX-аналитика и проектирование информационных систем,Commercial,36704609407_Commercial.xlsx,https://priem47.hse.ru/ABITREPORTS/MAGREPORTS/FullTime/36704609407_Commercial.xlsx
НИУ ВШЭ - Санкт-Петербург,36704615400,Анализ данных для государства и общества,Budget,36704615400_Budget.xlsx,https://priem47.hse.ru/ABITREPORTS/MAGREPORTS/FullTime/36704615400_Budget.xlsx
НИУ ВШЭ - Санкт-Петербург,36704615682,Анализ данных для государства и общества,Budget,36704615682_Budget.xlsx,https://priem47.hse.ru/ABITREPORTS/MAGREPORTS/FullTime/36704615682_Budget.xlsx
НИУ ВШЭ - Санкт-Петербург,36704615400,Анализ данных для государства и общества,Commercial,36704615400_Commercial.xlsx,https://priem47.hse.ru/ABITREPORTS/MAGREPORTS/FullTime/36704615400_Commercial.xlsx
НИУ ВШЭ - Санкт-Петербург,36704615682,Анализ данных для государства и общества,Commercial,36704615682_Commercial.xlsx,https://priem47.hse.ru/ABITREPORTS/MAGREPORTS/FullTime/36704615682_Commercial.xlsx
НИУ ВШЭ - Санкт-Петербург,36704610189,Аналитика данных для бизнеса и экономики,Budget,36704610189_Budget.xlsx,https://priem47.hse.ru/ABITREPORTS/MAGREPORTS/FullTime/36704610189_Budget.xlsx
НИУ ВШЭ - Санкт-Петербург,36704610468,Аналитика данных для бизнеса и экономики,Budget,36704610468_Budget.xlsx,https://priem47.hse.ru/ABITREPORTS/MAGREPORTS/FullTime/36704610468_Budget.xlsx
НИУ ВШЭ - Санкт-Петербург,36704610189,Аналитика данных для бизнеса и экономики,Commercial,36704610189_Commercial.xlsx,https://priem47.hse.ru/ABITREPORTS/MAGREPORTS/FullTime/36704610189_Commercial.xlsx
НИУ ВШЭ - Санкт-Петербург,36704610468,Аналитика данных для бизнеса и экономики,Commercial,36704610468_Commercial.xlsx,https://priem47.hse.ru/ABITREPORTS/MAGREPORTS/FullTime/36704610468_Commercial.xlsx
НИУ ВШЭ - Санкт-Петербург,36704622556,Бизнес- и ИТ-архитектура высокотехнологичных компаний,Budget,36704622556_Budget.xlsx,https://priem47.hse.ru/ABITREPORTS/MAGREPORTS/FullTime/36704622556_Budget.xlsx
НИУ ВШЭ - Санкт-Петербург,36704622556,Бизнес- и ИТ-архитектура высокотехнологичных компаний,Commercial,36704622556_Commercial.xlsx,https://priem47.hse.ru/ABITREPORTS/MAGREPORTS/FullTime/36704622556_Commercial.xlsx
НИУ ВШЭ - Санкт-Петербург,36704622856,Вычислительная биология и биоинформатика,Budget,36704622856_Budget.xlsx,https://priem47.hse.ru/ABITREPORTS/MAGREPORTS/FullTime/36704622856_Budget.xlsx
НИУ ВШЭ - Санкт-Петербург,36704622856,Вычислительная биология и биоинформатика,Commercial,36704622856_Commercial.xlsx,https://priem47.hse.ru/ABITREPORTS/MAGREPORTS/FullTime/36704622856_Commercial.xlsx
НИУ ВШЭ - Санкт-Петербург,36704614570,Глобальная и региональная история,Budget,36704614570_Budget.xlsx,https://priem47.hse.ru/ABITREPORTS/MAGREPORTS/FullTime/36704614570_Budget.xlsx
НИУ ВШЭ - Санкт-Петербург,36704614570,Глобальная и региональная история,Commercial,36704614570_Commercial.xlsx,https://priem47.hse.ru/ABITREPORTS/MAGREPORTS/FullTime/36704614570_Commercial.xlsx
НИУ ВШЭ - Санкт-Петербург,36704611278,Городское развитие и управление,Budget,36704611278_Budget.xlsx,https://priem47.hse.ru/ABITREPORTS/MAGREPORTS/FullTime/36704611278_Budget.xlsx
НИУ ВШЭ - Санкт-Петербург,36704611278,Городское развитие и управление,Commercial,36704611278_Commercial.xlsx,https://priem47.hse.ru/ABITREPORTS/MAGREPORTS/FullTime/36704611278_Commercial.xlsx
НИУ ВШЭ - Санкт-Петербург,36704612749,Гражданское и коммерческое право,Budget,36704612749_Budget.xlsx,https://priem47.hse.ru/ABITREPORTS/MAGREPORTS/FullTime/36704612749_Budget.xlsx
НИУ ВШЭ - Санкт-Петербург,36704612749,Гражданское и коммерческое право,Commercial,36704612749_Commercial.xlsx,https://priem47.hse.ru/ABITREPORTS/MAGREPORTS/FullTime/36704612749_Commercial.xlsx
НИУ ВШЭ - Санкт-Петербург,36704614836,Дизайн,Budget,36704614836_Budget.xlsx,https://priem47.hse.ru/ABITREPORTS/MAGREPORTS/FullTime/36704614836_Budget.xlsx
НИУ ВШЭ - Санкт-Петербург,36704614836,Дизайн,Commercial,36704614836_Commercial.xlsx,https://priem47.hse.ru/ABITREPORTS/MAGREPORTS/FullTime/36704614836_Commercial.xlsx
НИУ ВШЭ - Санкт-Петербург,36704615026,Кросс-культурные исследования Азии и Африки в контексте международных отношений,Budget,36704615026_Budget.xlsx,https://priem47.hse.ru/ABITREPORTS/MAGREPORTS/FullTime/36704615026_Budget.xlsx
НИУ ВШЭ - Санкт-Петербург,36704615026,Кросс-культурные исследования Азии и Африки в контексте международных отношений,Commercial,36704615026_Commercial.xlsx,https://priem47.hse.ru/ABITREPORTS/MAGREPORTS/FullTime/36704615026_Commercial.xlsx
НИУ ВШЭ - Санкт-Петербург,36704609724,Машинное обучение и анализ данных,Budget,36704609724_Budget.xlsx,https://priem47.hse.ru/ABITREPORTS/MAGREPORTS/FullTime/36704609724_Budget.xlsx
НИУ ВШЭ - Санкт-Петербург,36704609724,Машинное обучение и анализ данных,Commercial,36704609724_Commercial.xlsx,https://priem47.hse.ru/ABITREPORTS/MAGREPORTS/FullTime/36704609724_Commercial.xlsx
НИУ ВШЭ - Санкт-Петербург,36704613610,Медиапроизводство и медиааналитика,Budget,36704613610_Budget.xlsx,https://priem47.hse.ru/ABITREPORTS/MAGREPORTS/FullTime/36704613610_Budget.xlsx
НИУ ВШЭ - Санкт-Петербург,36704613610,Медиапроизводство и медиааналитика,Commercial,36704613610_Commercial.xlsx,https://priem47.hse.ru/ABITREPORTS/MAGREPORTS/FullTime/36704613610_Commercial.xlsx
НИУ ВШЭ - Санкт-Петербург,36704610945,Международный бизнес в странах Азиатско-Тихоокеанского региона,Budget,36704610945_Budget.xlsx,https://priem47.hse.ru/ABITREPORTS/MAGREPORTS/FullTime/36704610945_Budget.xlsx
НИУ ВШЭ - Санкт-Петербург,36704610945,Международный бизнес в странах Азиатско-Тихоокеанского региона,Commercial,36704610945_Commercial.xlsx,https://priem47.hse.ru/ABITREPORTS/MAGREPORTS/FullTime/36704610945_Commercial.xlsx
НИУ ВШЭ - Санкт-Петербург,36704611878,Менеджмент в индустрии впечатлений,Budget,36704611878_Budget.xlsx,https://priem47.hse.ru/ABITREPORTS/MAGREPORTS/FullTime/36704611878_Budget.xlsx
НИУ ВШЭ - Санкт-Петербург,36704611878,Менеджмент в индустрии впечатлений,Commercial,36704611878_Commercial.xlsx,https://priem47.hse.ru/ABITREPORTS/MAGREPORTS/FullTime/36704611878_Commercial.xlsx
НИУ ВШЭ - Санкт-Петербург,36960475205,Политика и глобальное управление в Евразии,Budget,36960475205_Budget.xlsx,https://priem47.hse.ru/ABITREPORTS/MAGREPORTS/FullTime/36960475205_Budget.xlsx
НИУ ВШЭ - Санкт-Петербург,36960463781,Политика и глобальное управление в Евразии,Budget,36960463781_Budget.xlsx,https://priem47.hse.ru/ABITREPORTS/MAGREPORTS/FullTime/36960463781_Budget.xlsx
НИУ ВШЭ - Санкт-Петербург,36960475205,Политика и глобальное управление в Евразии,Commercial,36960475205_Commercial.xlsx,https://priem47.hse.ru/ABITREPORTS/MAGREPORTS/FullTime/36960475205_Commercial.xlsx
НИУ ВШЭ - Санкт-Петербург,36960463781,Политика и глобальное управление в Евразии,Commercial,36960463781_Commercial.xlsx,https://priem47.hse.ru/ABITREPORTS/MAGREPORTS/FullTime/36960463781_Commercial.xlsx
НИУ ВШЭ - Санкт-Петербург,36704613009,Право и государственное управление,Budget,36704613009_Budget.xlsx,https://priem47.hse.ru/ABITREPORTS/MAGREPORTS/FullTime/36704613009_Budget.xlsx
НИУ ВШЭ - Санкт-Петербург,36704613009,Право и государственное управление,Commercial,36704613009_Commercial.xlsx,https://priem47.hse.ru/ABITREPORTS/MAGREPORTS/FullTime/36704613009_Commercial.xlsx
НИУ ВШЭ - Санкт-Петербург,36704612429,Право интеллектуальной собственности в цифровую эпоху,Budget,36704612429_Budget.xlsx,https://priem47.hse.ru/ABITREPORTS/MAGREPORTS/FullTime/36704612429_Budget.xlsx
НИУ ВШЭ - Санкт-Петербург,36704612429,Право интеллектуальной собственности в цифровую эпоху,Commercial,36704612429_Commercial.xlsx,https://priem47.hse.ru/ABITREPORTS/MAGREPORTS/FullTime/36704612429_Commercial.xlsx
НИУ ВШЭ - Санкт-Петербург,36704622200,Прикладная лингвистика: обучение иностранному языку и перевод в цифровой среде,Commercial,36704622200_Commercial.xlsx,https://priem47.hse.ru/ABITREPORTS/MAGREPORTS/FullTime/36704622200_Commercial.xlsx
НИУ ВШЭ - Санкт-Петербург,36704623157,Проектирование и разработка высоконагруженных информационных систем,Commercial,36704623157_Commercial.xlsx,https://priem47.hse.ru/ABITREPORTS/MAGREPORTS/FullTime/36704623157_Commercial.xlsx
НИУ ВШЭ - Санкт-Петербург,36960452806,Психологическое сопровождение в сфере управления здоровьем и благополучием,Budget,36960452806_Budget.xlsx,https://priem47.hse.ru/ABITREPORTS/MAGREPORTS/FullTime/36960452806_Budget.xlsx
НИУ ВШЭ - Санкт-Петербург,36960452806,Психологическое сопровождение в сфере управления здоровьем и благополучием,Commercial,36960452806_Commercial.xlsx,https://priem47.hse.ru/ABITREPORTS/MAGREPORTS/FullTime/36960452806_Commercial.xlsx
НИУ ВШЭ - Санкт-Петербург,36704614230,Русская литература в кросс-культурной и интермедиальной перспективах,Budget,36704614230_Budget.xlsx,https://priem47.hse.ru/ABITREPORTS/MAGREPORTS/FullTime/36704614230_Budget.xlsx
НИУ ВШЭ - Санкт-Петербург,36704614230,Русская литература в кросс-культурной и интермедиальной перспективах,Commercial,36704614230_Commercial.xlsx,https://priem47.hse.ru/ABITREPORTS/MAGREPORTS/FullTime/36704614230_Commercial.xlsx
НИУ ВШЭ - Санкт-Петербург,36704612152,Современный социальный анализ,Budget,36704612152_Budget.xlsx,https://priem47.hse.ru/ABITREPORTS/MAGREPORTS/FullTime/36704612152_Budget.xlsx
НИУ ВШЭ - Санкт-Петербург,36704612152,Современный социальный анализ,Commercial,36704612152_Commercial.xlsx,https://priem47.hse.ru/ABITREPORTS/MAGREPORTS/FullTime/36704612152_Commercial.xlsx
НИУ ВШЭ - Санкт-Петербург,36960454475,Социальное предпринимательство и инновации,Budget,36960454475_Budget.xlsx,https://priem47.hse.ru/ABITREPORTS/MAGREPORTS/FullTime/36960454475_Budget.xlsx
НИУ ВШЭ - Санкт-Петербург,36960454475,Социальное предпринимательство и инновации,Commercial,36960454475_Commercial.xlsx,https://priem47.hse.ru/ABITREPORTS/MAGREPORTS/FullTime/36960454475_Commercial.xlsx
НИУ ВШЭ - Санкт-Петербург,36704611554,Стратегическое управление логистикой и цепями поставок,Budget,36704611554_Budget.xlsx,https://priem47.hse.ru/ABITREPORTS/MAGREPORTS/FullTime/36704611554_Budget.xlsx
НИУ ВШЭ - Санкт-Петербург,36704611554,Стратегическое управление логистикой и цепями поставок,Commercial,36704611554_Commercial.xlsx,https://priem47.hse.ru/ABITREPORTS/MAGREPORTS/FullTime/36704611554_Commercial.xlsx
НИУ ВШЭ - Санкт-Петербург,36704609990,Физика,Budget,36704609990_Budget.xlsx,https://priem47.hse.ru/ABITREPORTS/MAGREPORTS/FullTime/36704609990_Budget.xlsx
НИУ ВШЭ - Санкт-Петербург,36704609990,Физика,Commercial,36704609990_Commercial.xlsx,https://priem47.hse.ru/ABITREPORTS/MAGREPORTS/FullTime/36704609990_Commercial.xlsx
НИУ ВШЭ - Санкт-Петербург,36704610744,Финансы,Budget,36704610744_Budget.xlsx,https://priem47.hse.ru/ABITREPORTS/MAGREPORTS/FullTime/36704610744_Budget.xlsx
НИУ ВШЭ - Санкт-Петербург,36704610744,Финансы,Commercial,36704610744_Commercial.xlsx,https://priem47.hse.ru/ABITREPORTS/MAGREPORTS/FullTime/36704610744_Commercial.xlsx
НИУ ВШЭ - Санкт-Петербург,36704621942,Экономика и бизнес-консалтинг,Budget,36704621942_Budget.xlsx,https://priem47.hse.ru/ABITREPORTS/MAGREPORTS/FullTime/36704621942_Budget.xlsx
НИУ ВШЭ - Санкт-Петербург,36704621942,Экономика и бизнес-консалтинг,Commercial,36704621942_Commercial.xlsx,https://priem47.hse.ru/ABITREPORTS/MAGREPORTS/FullTime/36704621942_Commercial.xlsx
НИУ ВШЭ - Санкт-Петербург,36704613901,Языковые технологии в бизнесе и образовании,Budget,36704613901_Budget.xlsx,https://priem47.hse.ru/ABITREPORTS/MAGREPORTS/FullTime/36704613901_Budget.xlsx
НИУ ВШЭ - Санкт-Петербург,36704613901,Языковые технологии в бизнесе и образовании,Commercial,36704613901_Commercial.xlsx,https://priem47.hse.ru/ABITREPORTS/MAGREPORTS/FullTime/36704613901_Commercial.xlsx
